,FNR_diff,FPR_diff,equalized_odds,demographic_parity,demographic_parity_ratio,Equal_Opportunity,accuracy,f1_score,precision,recall,FNR,FPR,name,noise,level,fold,model,label_type,eval_type
0,0.04997137919785122,0.11508356949874295,0.11508356949874295,0.13093607333201512,0.7386104499205106,0.04997137919785122,0.7995093780344458,0.7761739031208992,0.7921276347967858,0.7608501118568233,0.23914988814317673,0.1679683824221323,income,balanced,0.3,x1,LR,fair,fair_clean
1,0.04147291962044036,0.02410366096720476,0.04147291962044031,0.13093607333201512,0.7386104499205106,0.04147291962044031,0.7417079777175857,0.6931390406800243,0.6647257482240596,0.7240898135227705,0.2759101864772295,0.24640534063676822,income,balanced,0.3,x1,LR,fair,emp_clean
2,0.046349816341310746,0.01682398624459891,0.046349816341310746,0.13093607333201512,0.7386104499205106,0.046349816341310746,0.6802269126590689,0.637884136813473,0.6417840922324444,0.6340312931431201,0.3659687068568799,0.2828505747126437,income,balanced,0.3,x1,LR,fair,noisy
3,0.07431664312075176,0.07542399918942441,0.07542399918942441,0.13093607333201512,0.7386104499205106,0.07431664312075181,0.7355240966934123,0.68864689248541,0.666472574822406,0.7123475230271347,0.28765247697286533,0.24833087661493106,income,balanced,0.3,x1,LR,fair,ground
4,0.032095295524301515,0.02139521531045821,0.03209529552430146,0.06988826527942016,0.8588934396722556,0.03209529552430146,0.7382838452496551,0.7152310515486848,0.7111578016145085,0.7193512304250559,0.28064876957494406,0.24578902794768043,income,balanced,0.3,x1,Reduction,fair,fair_clean
5,0.030201220444982857,0.080330535320352,0.080330535320352,0.06988826527942016,0.8588934396722556,0.030201220444982857,0.6939745489855369,0.6462247429989365,0.6047771757160234,0.6937714068248129,0.30622859317518714,0.30588839438548443,income,balanced,0.3,x1,Reduction,fair,emp_clean
6,0.053528066317334255,0.04048339206678564,0.05352806631733431,0.06988826527942016,0.8588934396722556,0.05352806631733431,0.6404660908672766,0.6033267550042289,0.5916178259427182,0.6155085135757018,0.3844914864242982,0.3395862068965517,income,balanced,0.3,x1,Reduction,fair,noisy
7,0.051674972328813296,0.005953719993172846,0.05167497232881335,0.06988826527942016,0.8588934396722556,0.05167497232881335,0.6874840292328921,0.641916027405282,0.6061041689704744,0.6822255414488424,0.3177744585511576,0.308852857018989,income,balanced,0.3,x1,Reduction,fair,ground
8,0.05913255869971207,0.09260388767270109,0.09260388767270109,0.11347164901118717,0.7734749291999754,0.05913255869971212,0.7945009454694127,0.7726835886709255,0.7811178420390902,0.7644295302013423,0.23557046979865773,0.1802013738590383,income,balanced,0.3,x1,Reweight,fair,fair_clean
9,0.02815068814666849,0.04301550268963708,0.04301550268963708,0.11347164901118717,0.7734749291999754,0.028150688146668434,0.7366995451525528,0.6902356902356902,0.656074979997714,0.7281491817835849,0.27185081821641505,0.2575316672372475,income,balanced,0.3,x1,Reweight,fair,emp_clean
10,0.06087546318652182,0.0015557677494629774,0.06087546318652182,0.11347164901118717,0.7734749291999754,0.06087546318652182,0.6752184800940358,0.6356286910154234,0.633558120928106,0.6377128393925449,0.36228716060745514,0.2948045977011494,income,balanced,0.3,x1,Reweight,fair,noisy
11,0.0602892116993054,0.056142522590874655,0.060289211699305456,0.11347164901118717,0.7734749291999754,0.060289211699305456,0.7318444319517555,0.6873622117619019,0.6592753457538004,0.717948717948718,0.28205128205128205,0.25847567848781755,income,balanced,0.3,x1,Reweight,fair,ground
12,0.2274405875928731,0.23059454995871181,0.23059454995871181,0.3074130030430975,0.3863070389298708,0.227440587592873,0.7841263351561302,0.7341724354940214,0.8392805755395684,0.6524608501118568,0.34753914988814316,0.1051096264232615,income,balanced,0.3,x1,LR,emp,fair_clean
13,0.27502829014500324,0.13242819821231228,0.2750282901450032,0.3074130030430975,0.3863070389298708,0.2750282901450032,0.7680278019113814,0.6939931234409762,0.7405755395683453,0.6529240137003679,0.3470759862996321,0.15431359123587812,income,balanced,0.3,x1,LR,emp,emp_clean
14,0.20830292991379595,0.1689517962262192,0.20830292991379595,0.3074130030430975,0.3863070389298708,0.20830292991379595,0.7065467368528645,0.6329113924050633,0.7122302158273381,0.5694891854578923,0.4305108145421077,0.1839080459770115,income,balanced,0.3,x1,LR,emp,noisy
15,0.32961589499107596,0.21022953643398606,0.329615894991076,0.3074130030430975,0.3863070389298708,0.329615894991076,0.7354729902386672,0.6545648691938067,0.7056115107913669,0.6104057754543192,0.3895942245456809,0.17740397121304083,income,balanced,0.3,x1,LR,emp,ground
16,0.08367607254163184,0.1072936093761535,0.1072936093761535,0.09906178250847719,0.7746087101935134,0.0836760725416319,0.7613839627945009,0.7190903074423921,0.7780236948314022,0.6684563758389261,0.3315436241610738,0.1604403876917286,income,balanced,0.3,x1,Reduction,emp,fair_clean
17,0.0014595117095906884,0.01905816427201354,0.01905816427201354,0.09906178250847719,0.7746087101935134,0.0014595117095906884,0.7135994276077069,0.6399383191981496,0.6483530790261685,0.6317391855892427,0.3682608144107573,0.2311708319068812,income,balanced,0.3,x1,Reduction,emp,emp_clean
18,0.060069462151354,0.005547691456638415,0.060069462151354,0.09906178250847719,0.7746087101935134,0.060069462151354,0.6654060407829508,0.6001343675563428,0.6396302564770212,0.565232397606995,0.43476760239300505,0.2545287356321839,income,balanced,0.3,x1,Reduction,emp,noisy
19,0.054603441665211194,0.04421587365152849,0.05460344166521114,0.09906178250847719,0.7746087101935134,0.05460344166521114,0.7214187151837277,0.6531339484568883,0.6681421689884129,0.6387851630570077,0.3612148369429923,0.22101794849562126,income,balanced,0.3,x1,Reduction,emp,ground
20,0.018933563315883972,0.08257638315441784,0.08257638315441784,0.10733526521392633,0.6432211840062934,0.018933563315884083,0.7521848009403588,0.6494107439809125,0.9182171335105296,0.5023489932885906,0.4976510067114094,0.037639973652018446,income,balanced,0.3,x1,Reweight,emp,fair_clean
21,0.030182459092275682,0.016636250852136797,0.030182459092275626,0.10733526521392633,0.6432211840062934,0.030182459092275626,0.7360862676956099,0.5957413496164083,0.7779595174810877,0.48268425726246356,0.5173157427375364,0.09294762067785005,income,balanced,0.3,x1,Reweight,emp,emp_clean
22,0.001491402713919232,0.019633159060472014,0.019633159060472014,0.10733526521392633,0.6432211840062934,0.001491402713919232,0.6746052026370931,0.5312523006699551,0.7376814557350235,0.41509433962264153,0.5849056603773585,0.11797701149425287,income,balanced,0.3,x1,Reweight,emp,noisy
23,0.11453093850537355,0.023404284832888145,0.11453093850537355,0.10733526521392633,0.6432211840062934,0.11453093850537355,0.7346041805079981,0.598220502901354,0.7904314046207319,0.4812048792631317,0.5187951207368683,0.08887540102315096,income,balanced,0.3,x1,Reweight,emp,ground
24,0.036672293106090964,0.12574092423274613,0.12574092423274613,0.14162733018675056,0.7237241548435251,0.03667229310609088,0.8013390575488092,0.7797359324531081,0.7882676443629697,0.7713869267855141,0.22861307321448593,0.17357001972386588,income,balanced,0.3,x2,LR,fair,fair_clean
25,0.039183972716154924,0.003235959964137669,0.039183972716154924,0.14162733018675056,0.7237241548435251,0.039183972716154924,0.7469590105284678,0.7036216701586352,0.6733501374885427,0.7367431365174878,0.2632568634825122,0.2460091466045388,income,balanced,0.3,x2,LR,fair,emp_clean
26,0.04854569404296194,0.03736384021931638,0.04854569404296205,0.14162733018675056,0.7237241548435251,0.04854569404296205,0.6862414392313196,0.6489793584538853,0.6502062328139322,0.6477571053532701,0.3522428946467298,0.2825543729754743,income,balanced,0.3,x2,LR,fair,noisy
27,0.07706790039531627,0.0926525678651606,0.0926525678651606,0.14162733018675056,0.7237241548435251,0.0770679003953163,0.7368394153122764,0.6927987590239246,0.6652153987167736,0.7227685796091124,0.2772314203908876,0.25335992369721666,income,balanced,0.3,x2,LR,fair,ground
28,0.013520814509142748,0.029249088401778756,0.029249088401778756,0.09051938750779048,0.8233884335532726,0.013520814509142776,0.7700603086987632,0.7516422853988407,0.74032187907786,0.7633142729005494,0.2366857270994506,0.22428853198083967,income,balanced,0.3,x2,Reduction,fair,fair_clean
29,0.04497013065746164,0.07589001975731446,0.07589001975731446,0.09051938750779048,0.8233884335532726,0.04497013065746158,0.7223244403557191,0.6836312816630757,0.6383210091344063,0.7358656136392128,0.2641343863607873,0.28699628958495127,income,balanced,0.3,x2,Reduction,fair,emp_clean
30,0.042462380584174064,0.0335352756643989,0.042462380584174064,0.09051938750779048,0.8233884335532726,0.042462380584174064,0.661606869058571,0.6312858495294315,0.6163549369290996,0.6469581098048168,0.3530418901951832,0.3265155020823693,income,balanced,0.3,x2,Reduction,fair,noisy
31,0.08186400757225565,0.011480407897994316,0.08186400757225565,0.09051938750779048,0.8233884335532726,0.08186400757225565,0.7122048451395278,0.6731673341459168,0.6306002609830361,0.721897174156604,0.278102825843396,0.29454608514696956,income,balanced,0.3,x2,Reduction,fair,ground
32,0.04620160295304446,0.10532563894222094,0.10532563894222094,0.12531234215107512,0.7555501950741111,0.04620160295304443,0.7970458959419401,0.7768725066022363,0.7786663662987159,0.7750868931494562,0.22491310685054378,0.18455903071287685,income,balanced,0.3,x2,Reweight,fair,fair_clean
33,0.025763883248891783,0.020607897603335923,0.025763883248891895,0.12531234215107512,0.7555501950741111,0.025763883248891895,0.7426658489215987,0.701275585879561,0.6656904708267628,0.7408800300864987,0.25911996991350134,0.25610492708602983,income,balanced,0.3,x2,Reweight,fair,emp_clean
34,0.06316039732019846,0.020495328108589728,0.06316039732019851,0.12531234215107512,0.7555501950741111,0.06316039732019851,0.6819482776244505,0.6472022223482057,0.6429375985582338,0.6515237986531218,0.34847620134687823,0.2933826931975937,income,balanced,0.3,x2,Reweight,fair,noisy
35,0.06138408609167764,0.07600255121514396,0.07600255121514396,0.12531234215107512,0.7555501950741111,0.06138408609167756,0.7342839619748543,0.6925669682455207,0.6596080198242847,0.7289929042698867,0.2710070957301133,0.2620306945287436,income,balanced,0.3,x2,Reweight,fair,ground
36,0.23563495494473202,0.23913024805211233,0.23913024805211233,0.31490485629178,0.38559195457894235,0.23563495494473208,0.7864663191250127,0.7397209070520807,0.8323286134866116,0.6656575849310461,0.3343424150689539,0.11233211233211234,income,balanced,0.3,x2,LR,emp,fair_clean
37,0.2760909948895854,0.14687539861047255,0.2760909948895854,0.31490485629178,0.38559195457894235,0.2760909948895854,0.7687825820300521,0.700595632031767,0.7420440207486331,0.6635326563871129,0.33646734361288705,0.15877124859780828,income,balanced,0.3,x2,LR,emp,emp_clean
38,0.20920452739193612,0.1830107964916768,0.20920452739193612,0.31490485629178,0.38559195457894235,0.20920452739193612,0.7082694469998978,0.6408707688435887,0.7140053273517454,0.5813263326104327,0.4186736673895674,0.18880148079592782,income,balanced,0.3,x2,LR,emp,noisy
39,0.33585083640535385,0.22051026592369094,0.3358508364053539,0.31490485629178,0.38559195457894235,0.3358508364053539,0.7340284166411122,0.6568640379796914,0.6983036590494883,0.6200672227063364,0.37993277729366365,0.1865949882944594,income,balanced,0.3,x2,LR,emp,ground
40,0.06710936858266231,0.11519306942571335,0.11519306942571335,0.10938613279288684,0.7574705067704527,0.06710936858266225,0.7613206582847797,0.7209941450591468,0.7717099373321397,0.676533243637179,0.32346675636282096,0.16765285996055226,income,balanced,0.3,x2,Reduction,emp,fair_clean
41,0.0042017834788465325,0.0010460456464624346,0.004201783478846477,0.10938613279288684,0.7574705067704527,0.004201783478846477,0.7166513339466422,0.649025069637883,0.6555825553139788,0.6425974677196942,0.3574025322803059,0.23237552851842264,income,balanced,0.3,x2,Reduction,emp,emp_clean
42,0.059162719339047265,0.01420546096899522,0.059162719339047265,0.10938613279288684,0.7574705067704527,0.059162719339047265,0.6693243381375856,0.6097708082026538,0.6465021102442767,0.5769889282045428,0.42301107179545716,0.25580749652938456,income,balanced,0.3,x2,Reduction,emp,noisy
43,0.054354241201202136,0.06359833399818923,0.06359833399818923,0.10938613279288684,0.7574705067704527,0.054354241201202136,0.7205356230195237,0.6550592985112289,0.6640235324210257,0.6463338727748039,0.3536661272251961,0.22778114974421226,income,balanced,0.3,x2,Reduction,emp,ground
44,0.013082053852921938,0.08127833592843456,0.08127833592843456,0.10925502983593735,0.6439858091554062,0.013082053852921938,0.7567719513441684,0.6580932538257058,0.916,0.5135104832380312,0.48648951676196883,0.03944773175542406,income,balanced,0.3,x2,Reweight,emp,fair_clean
45,0.030168559224489355,0.012992751368925859,0.0301685592244893,0.10925502983593735,0.6439858091554062,0.0301685592244893,0.7390882142492078,0.6066116976188641,0.7872,0.4934185784129372,0.5065814215870628,0.09181120027612391,income,balanced,0.3,x2,Reweight,emp,emp_clean
46,0.0005316072012548911,0.01755782589136791,0.01755782589136791,0.10925502983593735,0.6439858091554062,0.0005316072012549466,0.6785750792190535,0.5429837947823559,0.7472,0.4264353384316859,0.5735646615683141,0.11698287829708469,income,balanced,0.3,x2,Reweight,emp,noisy
47,0.12016456189554997,0.023658447577390954,0.12016456189554997,0.10925502983593735,0.6439858091554062,0.12016456189554997,0.736226106511295,0.6040052175247449,0.7872,0.4899788372961534,0.5100211627038467,0.09225700164744646,income,balanced,0.3,x2,Reweight,emp,ground
48,0.02874434807878648,0.11743727334077024,0.11743727334077024,0.13637441300435632,0.7272247959616928,0.028744348078786452,0.8097209444955535,0.7868063906545267,0.8059596433599249,0.7685423425439087,0.2314576574560913,0.15564129105109625,income,balanced,0.3,x3,LR,fair,fair_clean
49,0.05974795928688362,0.024668167467557817,0.05974795928688359,0.13637441300435632,0.7272247959616928,0.05974795928688359,0.7517632628028212,0.7042562260244779,0.6784373533552323,0.7321179896189391,0.2678820103810609,0.23493614468158053,income,balanced,0.3,x3,LR,fair,emp_clean
50,0.026023906662907326,0.008224491222998065,0.026023906662907326,0.13637441300435632,0.7272247959616928,0.026023906662907326,0.6894613104364714,0.6467852575281944,0.6526278742374472,0.6410463240377967,0.3589536759622033,0.27195077149155034,income,balanced,0.3,x3,LR,fair,noisy
51,0.09460417417817457,0.08000845248979299,0.09460417417817457,0.13637441300435632,0.7272247959616928,0.09460417417817457,0.7404170499846673,0.6932415292625476,0.6732754575316753,0.7144279845636748,0.28557201543632516,0.2414809676580248,income,balanced,0.3,x3,LR,fair,ground
52,0.016238726516105112,0.028562542551722914,0.028562542551722914,0.08600847679495072,0.8272312240604923,0.01623872651610514,0.7805376673821937,0.7599239628759924,0.7595842181736895,0.760264011634411,0.239735988365589,0.20240895831372918,income,balanced,0.3,x3,Reduction,fair,fair_clean
53,0.05032025803454693,0.08894526413717505,0.08894526413717505,0.08600847679495072,0.8272312240604923,0.05032025803454698,0.72983747316774,0.6862163124777395,0.6460266010953393,0.7317381947081909,0.2682618052918091,0.2714493871603669,income,balanced,0.3,x3,Reduction,fair,emp_clean
54,0.035544512171664655,0.05426695154535521,0.05426695154535521,0.08600847679495072,0.8272312240604923,0.035544512171664544,0.6675355208013901,0.6309219858156029,0.621437353302783,0.6407006222631942,0.3592993777368057,0.3110764144011756,income,balanced,0.3,x3,Reduction,fair,noisy
55,0.08643857571008506,0.007070950931598541,0.08643857571008506,0.08600847679495072,0.8272312240604923,0.08643857571008506,0.7185934784830829,0.6757361601884571,0.6412205208449759,0.7141790115772438,0.2858209884227561,0.27833174369201424,income,balanced,0.3,x3,Reduction,fair,ground
56,0.03807692726430684,0.09827749130526311,0.09827749130526311,0.12098145907481705,0.7580136811812992,0.03807692726430678,0.805836655422672,0.7842090315251349,0.7965612739441496,0.7722340306521982,0.22776596934780177,0.16589818387127128,income,balanced,0.3,x3,Reweight,fair,fair_clean
57,0.04627307157761454,0.040754354008289806,0.04627307157761451,0.12098145907481705,0.7580136811812992,0.04627307157761451,0.7478789737299397,0.7022034409900393,0.6711285483498731,0.7362957336371693,0.26370426636283073,0.24427873489328877,income,balanced,0.3,x3,Reweight,fair,emp_clean
58,0.040828751884979975,0.0073558403950693685,0.04082875188498003,0.12098145907481705,0.7580136811812992,0.04082875188498003,0.6855770213635899,0.6452952029520295,0.6457419801523194,0.6448490435584237,0.3551509564415764,0.2819617927994122,income,balanced,0.3,x3,Reweight,fair,noisy
59,0.07955503412903453,0.06442795324368811,0.07955503412903453,0.12098145907481705,0.7580136811812992,0.07955503412903453,0.7381682510477359,0.6932151625845859,0.6678975305792754,0.7205278227312336,0.27947217726876633,0.24954478453134485,income,balanced,0.3,x3,Reweight,fair,ground
60,0.23822397771306875,0.21850951802349128,0.2382239777130687,0.30103565961682244,0.3978704533660423,0.2382239777130687,0.7908616988653787,0.7433517310587054,0.8459671663097788,0.6629376887795055,0.33706231122049446,0.10153382892631975,income,balanced,0.3,x3,LR,emp,fair_clean
61,0.2924960197197134,0.1153849612219345,0.2924960197197134,0.30103565961682244,0.3978704533660423,0.2924960197197134,0.7711335991004804,0.6995437466451959,0.7441827266238401,0.6599569565767819,0.3400430434232181,0.1535956115539556,income,balanced,0.3,x3,LR,emp,emp_clean
62,0.2296961471728935,0.14387343347571394,0.22969614717289344,0.30103565961682244,0.3978704533660423,0.22969614717289344,0.7088316467341307,0.6367404195625836,0.7127765881513205,0.5753629868633325,0.4246370131366674,0.18479059515062454,income,balanced,0.3,x3,LR,emp,noisy
63,0.34184004641404686,0.19962647895988847,0.3418400464140468,0.30103565961682244,0.3978704533660423,0.3418400464140468,0.7357661249105591,0.6562042824843729,0.7043540328336902,0.6142163575252085,0.38578364247479147,0.17957166392092258,income,balanced,0.3,x3,LR,emp,ground
64,0.07902168897285994,0.11843658696007679,0.11843658696007679,0.10607484769364667,0.7536118598382748,0.07902168897285988,0.7830931207196157,0.740966796875,0.8153122901276024,0.6790468732520416,0.3209531267479584,0.1293874094288134,income,balanced,0.3,x3,Reduction,emp,fair_clean
65,0.01619069382372884,0.02108446422446164,0.02108446422446164,0.10607484769364667,0.7536118598382748,0.01619069382372884,0.7305530001022181,0.6564129301355579,0.6764271323035594,0.6375490568426383,0.3624509431573617,0.2064798148624325,income,balanced,0.3,x3,Reduction,emp,emp_clean
66,0.04517746690550095,0.011258672552279164,0.04517746690550084,0.10607484769364667,0.7536118598382748,0.04517746690550084,0.6778595522845753,0.6090677913539664,0.6595030221625252,0.5657985710993316,0.4342014289006684,0.23282512858192506,income,balanced,0.3,x3,Reduction,emp,noisy
67,0.06083472762350722,0.05745552235555884,0.06083472762350717,0.10607484769364667,0.7536118598382748,0.06083472762350717,0.7344372891750997,0.6642977128828014,0.6905305574210879,0.6399850616208141,0.36001493837918586,0.1997745599583803,income,balanced,0.3,x3,Reduction,emp,ground
68,0.02255706985309819,0.07209396516808425,0.07209396516808425,0.09486604352553538,0.6770869795597231,0.022557069853098244,0.7558008790759481,0.6540689255719664,0.9269443874410014,0.5053137934892046,0.49468620651079537,0.033499576550296416,income,balanced,0.3,x3,Reweight,emp,fair_clean
69,0.033963909627970246,0.03243756995778334,0.033963909627970246,0.09486604352553538,0.6770869795597231,0.033963909627970246,0.7360727793110498,0.5956780457250235,0.7806279499281756,0.48157994682871247,0.5184200531712875,0.09162595354418446,income,balanced,0.3,x3,Reweight,emp,emp_clean
70,0.011212661361139742,0.0418922397000312,0.0418922397000312,0.09486604352553538,0.6770869795597231,0.011212661361139742,0.6737708269447,0.5289646520551988,0.7354812230658732,0.41299838672505185,0.5870016132749482,0.11838721528288024,income,balanced,0.3,x3,Reweight,emp,noisy
71,0.116175403332615,0.010194415696049522,0.11617540333261495,0.09486604352553538,0.6770869795597231,0.11617540333261495,0.7345395073085965,0.5975515264218193,0.7912989944592653,0.48001991783891446,0.5199800821610855,0.0881817393566288,income,balanced,0.3,x3,Reweight,emp,ground
72,0.036690674053554945,0.12489202736893654,0.12489202736893654,0.1363658173037381,0.7320481448925601,0.03669067405355497,0.8009403587673123,0.7789318349509052,0.7883731617647058,0.7697139652271453,0.23028603477285475,0.17292527224934284,income,balanced,0.3,x4,LR,fair,fair_clean
73,0.04342557500284794,0.007220731437968725,0.04342557500284794,0.1363658173037381,0.7320481448925601,0.04342557500284794,0.7471252619205806,0.7026799663501982,0.6717601102941176,0.736583522297808,0.263416477702192,0.24567890618281882,income,balanced,0.3,x4,LR,fair,emp_clean
74,0.049122098652031765,0.03428554969103731,0.049122098652031765,0.1363658173037381,0.7320481448925601,0.049122098652031765,0.6832932999437829,0.6452166943378943,0.6474034926470589,0.6430446194225722,0.3569553805774278,0.28406145871899297,income,balanced,0.3,x4,LR,fair,noisy
75,0.07841630742131367,0.09130777696412867,0.09130777696412867,0.1363658173037381,0.7320481448925601,0.07841630742131367,0.7357796289671386,0.6911219978492054,0.6645220588235294,0.7199402539208365,0.28005974607916356,0.25318650828058614,income,balanced,0.3,x4,LR,fair,ground
76,0.015349162379633297,0.03536344551151255,0.03536344551151255,0.08922656901759013,0.8254021231544477,0.015349162379633352,0.7715541472888026,0.7529567812534542,0.7421287721974071,0.7641054402692092,0.2358945597307908,0.22221179121291776,income,balanced,0.3,x4,Reduction,fair,fair_clean
77,0.03692504879858388,0.06988113549789751,0.06988113549789751,0.08922656901759013,0.8254021231544477,0.036925048798583826,0.7267337864772321,0.687620494245487,0.6411373787994334,0.7413706223230033,0.25862937767699673,0.28325737380686217,income,balanced,0.3,x4,Reduction,fair,emp_clean
78,0.05615429561941848,0.02732002630027297,0.056154295619418426,0.08922656901759013,0.8254021231544477,0.056154295619418426,0.6634128890478868,0.6329283246014937,0.6185859026037694,0.6479516147438092,0.3520483852561908,0.32404664938911515,income,balanced,0.3,x4,Reduction,fair,noisy
79,0.07134303682071727,0.022450062035225038,0.07134303682071719,0.08922656901759013,0.8254021231544477,0.07134303682071719,0.71538815352379,0.6764654621507,0.6342738860442314,0.7246701518546179,0.27532984814538214,0.2910777768143588,income,balanced,0.3,x4,Reduction,fair,ground
80,0.045547816910697786,0.09978669029028484,0.09978669029028484,0.11744454718629577,0.7692274727417443,0.04554781691069776,0.7952164358358461,0.7747990782892149,0.7764136066681685,0.7731912507010656,0.22680874929893438,0.18634998122418325,income,balanced,0.3,x4,Reweight,fair,fair_clean
81,0.03095574394894607,0.028532206847804775,0.03095574394894607,0.11744454718629577,0.7692274727417443,0.03095574394894607,0.7414013389891143,0.6990960989533778,0.6620860554178869,0.7404887881078357,0.25951121189216425,0.2579757502794737,income,balanced,0.3,x4,Reweight,fair,emp_clean
82,0.06275446452714173,0.01362678054917077,0.06275446452714173,0.11744454718629577,0.7692274727417443,0.06275446452714173,0.6775693770123167,0.6423672127430418,0.6382068033340843,0.6465822207006733,0.3534177792993267,0.2972972972972973,income,balanced,0.3,x4,Reweight,fair,noisy
83,0.0651447024830421,0.06931314969750679,0.06931314969750679,0.11744454718629577,0.7692274727417443,0.06514470248304205,0.731282260949558,0.6890964995269631,0.656341518359991,0.7252925068459048,0.2747074931540951,0.2645452180698864,income,balanced,0.3,x4,Reweight,fair,ground
84,0.22959504023215938,0.23865607231275676,0.23865607231275676,0.3081796494046516,0.3944427540781278,0.22959504023215938,0.7864261256196657,0.7394475964835713,0.8323975294778214,0.6651710600112171,0.33482893998878294,0.11209162598573037,income,balanced,0.3,x4,LR,emp,fair_clean
85,0.26989379704629124,0.14434409717604024,0.2698937970462912,0.3081796494046516,0.3944427540781278,0.2698937970462912,0.770327592374917,0.7016332492364892,0.7417181358787198,0.6656588561350466,0.3343411438649534,0.1582251268380772,income,balanced,0.3,x4,LR,emp,emp_clean
86,0.19845925578948098,0.18120840435731872,0.19845925578948098,0.3081796494046516,0.3944427540781278,0.19845925578948098,0.7064956303981192,0.6385094731541512,0.7119595732734418,0.5787972155654456,0.4212027844345544,0.18992965568308035,income,balanced,0.3,x4,LR,emp,noisy
87,0.33088544322378277,0.21924599053028046,0.3308854432237828,0.3081796494046516,0.3944427540781278,0.3308854432237828,0.7329176675014054,0.6552315608919382,0.6970802919708029,0.6181229773462783,0.3818770226537217,0.187115234544351,income,balanced,0.3,x4,LR,emp,ground
88,0.08625695818493606,0.128698133462107,0.128698133462107,0.10835164169637046,0.755448340362773,0.08625695818493606,0.7759493023968927,0.7357125632987702,0.7952560927929102,0.6844643858665171,0.3155356141334829,0.14748404055576417,income,balanced,0.3,x4,Reduction,emp,fair_clean
89,0.011832512989837729,0.005765502481481666,0.011832512989837785,0.10835164169637046,0.755448340362773,0.011832512989837785,0.723462973373537,0.65338543334828,0.6646683174768669,0.6424792139077853,0.35752078609221466,0.22125720182302863,income,balanced,0.3,x4,Reduction,emp,emp_clean
90,0.053792881072128984,0.014468276151675202,0.05379288107212887,0.10835164169637046,0.755448340362773,0.05379288107212887,0.6675014054275055,0.6041615964954977,0.647074156131891,0.5665867853474837,0.43341321465251625,0.25064790818215477,income,balanced,0.3,x4,Reduction,emp,noisy
91,0.05546207450671364,0.06872320391977363,0.06872320391977363,0.10835164169637046,0.755448340362773,0.0554620745067137,0.7207032248172944,0.6520659578531864,0.6674051870194188,0.6374159820761762,0.3625840179238238,0.22127807162056706,income,balanced,0.3,x4,Reduction,emp,ground
92,0.02857670492019515,0.08127108441929429,0.08127108441929429,0.0981709713601043,0.6715705987175349,0.028576704920195206,0.754842336587111,0.6539210735156193,0.9162959967650627,0.5083567021873248,0.49164329781267524,0.03886594066841908,income,balanced,0.3,x4,Reweight,emp,fair_clean
93,0.01347413453712032,0.014224717623715827,0.014224717623715827,0.0981709713601043,0.6715705987175349,0.013474134537120264,0.7387438033423621,0.6032288109282832,0.7856854023453296,0.4895439657344419,0.5104560342655581,0.09115143176541406,income,balanced,0.3,x4,Reweight,emp,emp_clean
94,0.016982260622909195,0.019718952675138776,0.019718952675138776,0.0981709713601043,0.6715705987175349,0.016982260622909195,0.6749118413655645,0.5359982493252607,0.7428224828143954,0.41926280954011186,0.5807371904598881,0.11773417252869307,income,balanced,0.3,x4,Reweight,emp,noisy
95,0.10748118790463385,0.02075217665185118,0.10748118790463385,0.0981709713601043,0.6715705987175349,0.10748118790463385,0.7347574998722338,0.6001540832049307,0.7875050545895673,0.48481453821259646,0.5151854617874035,0.09112980143934796,income,balanced,0.3,x4,Reweight,emp,ground
96,0.04222423251964902,0.10450123831553737,0.10450123831553737,0.12160006837700443,0.7584335090244205,0.04222423251964902,0.8041089589615168,0.7827713233210541,0.7927907243714843,0.7730020147750168,0.2269979852249832,0.16975453775980437,income,balanced,0.3,x5,LR,fair,fair_clean
97,0.038556538358078846,0.03209759822966915,0.03855653835807882,0.12160006837700443,0.7584335090244205,0.03855653835807882,0.7468186231921091,0.7016740937010719,0.668809551142234,0.7379354021532616,0.26206459784673847,0.24717272104180946,income,balanced,0.3,x5,LR,fair,emp_clean
98,0.05203621234925088,0.004964985655392162,0.05203621234925082,0.12160006837700443,0.7584335090244205,0.05203621234925082,0.6846731742219042,0.6451983898792409,0.6440133164963839,0.6463878326996197,0.35361216730038025,0.28480896399706096,income,balanced,0.3,x5,LR,fair,noisy
99,0.07309558152043774,0.06643008442945647,0.07309558152043771,0.12160006837700443,0.7584335090244205,0.07309558152043771,0.7357285225123933,0.6911914004180353,0.6643324532200666,0.7203136669156086,0.27968633308439134,0.25353333911384723,income,balanced,0.3,x5,LR,fair,ground
100,0.02331848944899423,0.003970121357131984,0.023318489448994284,0.06729564551270889,0.8661564383691679,0.023318489448994284,0.7722696376552358,0.7543820967919744,0.7431581233709817,0.7659503022162525,0.23404969778374748,0.22242076554123955,income,balanced,0.3,x5,Reduction,fair,fair_clean
101,0.041497313816991566,0.10831248208923833,0.10831248208923833,0.06729564551270889,0.8661564383691679,0.04149731381699151,0.7211120764552563,0.680933169619365,0.6323848827106864,0.737555414819506,0.26244458518049396,0.2900102810143934,income,balanced,0.3,x5,Reduction,fair,emp_clean
102,0.048959342511172066,0.06946323971254231,0.06946323971254231,0.06729564551270889,0.8661564383691679,0.048959342511172066,0.6589666274850514,0.6269357634035893,0.6089270199826238,0.6460421707569997,0.35395782924300034,0.3307310800881705,income,balanced,0.3,x5,Reduction,fair,noisy
103,0.0695606337883369,0.0156550845727208,0.06956063378833699,0.06729564551270889,0.8661564383691679,0.06956063378833699,0.7118618081463689,0.6730077717202181,0.6301042571676803,0.7221807318894697,0.27781926811053026,0.295326454521807,income,balanced,0.3,x5,Reduction,fair,ground
104,0.0508401302406051,0.08299586197145134,0.08299586197145134,0.10504731314419796,0.7913166401849198,0.050840130240605075,0.7993560586702101,0.779438202247191,0.7824272501691857,0.7764719050817103,0.22352809491828968,0.1814163453399793,income,balanced,0.3,x5,Reweight,fair,fair_clean
105,0.026245180137268703,0.05021036480869337,0.05021036480869337,0.10504731314419796,0.7913166401849198,0.02624518013726862,0.7420657229008024,0.6988843147783546,0.6606135799684186,0.7418619379354021,0.25813806206459783,0.2577964359150103,income,balanced,0.3,x5,Reweight,fair,emp_clean
106,0.06550276317462012,0.012593779566924423,0.06550276317462012,0.10504731314419796,0.7913166401849198,0.06550276317462012,0.6799202739305974,0.6430322029068111,0.6362508459282653,0.649959672773361,0.350040327226639,0.29619764878765614,income,balanced,0.3,x5,Reweight,fair,noisy
107,0.05666222789901351,0.04981277610434953,0.05666222789901343,0.10504731314419796,0.7913166401849198,0.05666222789901343,0.7333265191393673,0.6912426035502959,0.6588089330024814,0.7270351008215086,0.2729648991784914,0.2622908176536894,income,balanced,0.3,x5,Reweight,fair,ground
108,0.22375686809180179,0.2264228477501541,0.2264228477501541,0.2988747373218998,0.4062657817571371,0.22375686809180184,0.7911279194562273,0.7443228026274632,0.8437101120408452,0.6658831430490262,0.3341168569509738,0.10363961252703846,income,balanced,0.3,x5,LR,emp,fair_clean
109,0.27962087513329725,0.12171484699381903,0.27962087513329725,0.2988747373218998,0.4062657817571371,0.27962087513329725,0.7696121020084836,0.6983808376823231,0.7401786980570132,0.661051298290057,0.338948701709943,0.15695681973954764,income,balanced,0.3,x5,LR,emp,emp_clean
110,0.21164754090878557,0.15407288709974223,0.21164754090878563,0.2988747373218998,0.4062657817571371,0.21164754090878563,0.7074666530382787,0.6361093452002543,0.7095447454261807,0.576448899642816,0.423551100357184,0.1880969875091844,income,balanced,0.3,x5,LR,emp,noisy
111,0.3305514549227505,0.20035571786150647,0.33055145492275056,0.2988747373218998,0.4062657817571371,0.33055145492275056,0.7340931159605458,0.6550878355982764,0.7007516664302936,0.6150112023898432,0.3849887976101568,0.18295326454521807,income,balanced,0.3,x5,LR,emp,ground
112,0.0809333729466562,0.11291758628993596,0.11291758628993596,0.10017274069411031,0.7716061512174285,0.08093337294665615,0.776869218582307,0.7366389190493425,0.7987964416535845,0.6834564584732483,0.31654354152675174,0.1446440327282987,income,balanced,0.3,x5,Reduction,emp,fair_clean
113,0.004280801808898949,0.019697993837305694,0.019697993837305694,0.10017274069411031,0.7716061512174285,0.004280801808899004,0.7264271477487607,0.655511937705129,0.6662742019884877,0.6450918302723243,0.35490816972767575,0.21855723098012336,income,balanced,0.3,x5,Reduction,emp,emp_clean
114,0.062472283443690935,0.007878468106323755,0.062472283443690935,0.10017274069411031,0.7716061512174285,0.062472283443690935,0.67613839627945,0.6117747962996998,0.6531920460491889,0.5752966931674156,0.4247033068325844,0.24347905951506246,income,balanced,0.3,x5,Reduction,emp,noisy
115,0.056338421764284496,0.04861749894210582,0.056338421764284496,0.10017274069411031,0.7716061512174285,0.056338421764284496,0.7273981703889201,0.6597780329123613,0.6766091051805337,0.643764002987304,0.35623599701269604,0.21434145495534554,income,balanced,0.3,x5,Reduction,emp,ground
116,0.03205272711059698,0.07766591329361003,0.07766591329361003,0.09413103448939958,0.6847985084032346,0.032052727110597035,0.7583686819645321,0.6597582037996546,0.9238210399032648,0.5130960376091337,0.48690396239086636,0.03554970375246873,income,balanced,0.3,x5,Reweight,emp,fair_clean
117,0.02576184593485953,0.028305874100254744,0.028305874100254744,0.09413103448939958,0.6847985084032346,0.025761845934859473,0.7368528645167884,0.5995177724196935,0.7767029423619508,0.4881570614312856,0.5118429385687143,0.09492803289924606,income,balanced,0.3,x5,Reweight,emp,emp_clean
118,0.00240295305389282,0.0351586863451088,0.0351586863451088,0.09413103448939958,0.6847985084032346,0.0024029530538927646,0.6747074155465835,0.5333919800601129,0.7331721080209593,0.4191727157506625,0.5808272842493375,0.1216017634092579,income,balanced,0.3,x5,Reweight,emp,noisy
119,0.10877386435830233,0.010438210987079366,0.10877386435830244,0.09413103448939958,0.6847985084032346,0.10877386435830244,0.7332243062298769,0.5983379501385041,0.7835550181378477,0.4839432412247946,0.5160567587752054,0.09312407873059915,income,balanced,0.3,x5,Reweight,emp,ground
120,0.025186224404582958,0.11868704341833716,0.11868704341833716,0.1390634486761208,0.728645250363771,0.025186224404582958,0.8054788919554329,0.7857946870778928,0.7973729297544261,0.774547875291246,0.22545212470875403,0.16810385672320668,income,balanced,0.3,x6,LR,fair,fair_clean
121,0.06246041765396371,0.021129938006010374,0.06246041765396371,0.1390634486761208,0.728645250363771,0.06246041765396371,0.749412245732393,0.7070562227400371,0.6758423757852655,0.741292909045352,0.25870709095464794,0.24499309392265192,income,balanced,0.3,x6,LR,fair,emp_clean
122,0.02930492501785903,0.01807845411439324,0.029304925017859085,0.1390634486761208,0.728645250363771,0.029304925017859085,0.6858836757640806,0.6498803691466333,0.6515134209023415,0.6482554835776793,0.35174451642232074,0.283365840066871,income,balanced,0.3,x6,LR,fair,noisy
123,0.08585824023097602,0.08287245905908058,0.08585824023097599,0.1390634486761208,0.728645250363771,0.08585824023097599,0.7391393233159562,0.6959733142720991,0.6672758423757853,0.7272500933648699,0.2727499066351301,0.2525795543223793,income,balanced,0.3,x6,LR,fair,ground
124,0.005187829426315377,0.023392327844330263,0.023392327844330263,0.08848585614535004,0.8267207426085984,0.005187829426315349,0.7757845241745885,0.7588898048914537,0.7519059028534089,0.7660046599356485,0.2339953400643515,0.21586278783284374,income,balanced,0.3,x6,Reduction,fair,fair_clean
125,0.060516894564074775,0.09044098163456268,0.09044098163456268,0.08848585614535004,0.8267207426085984,0.06051689456407472,0.7274864560973117,0.6893498019109765,0.6443040731866696,0.7411676271611125,0.2588323728388875,0.2819406077348066,income,balanced,0.3,x6,Reduction,fair,emp_clean
126,0.03125104039003024,0.04998682347543115,0.04998682347543115,0.08848585614535004,0.8267207426085984,0.03125104039003024,0.6639578861289993,0.6343362438129136,0.621106512742322,0.6481418342993522,0.3518581657006478,0.32311693136435404,income,balanced,0.3,x6,Reduction,fair,noisy
127,0.0866823028597358,0.004019358827221264,0.08668230285973577,0.08848585614535004,0.8267207426085984,0.08668230285973577,0.7177246243483594,0.6791751379610804,0.6366804617730342,0.7277480393377319,0.27225196066226814,0.28925691493973815,income,balanced,0.3,x6,Reduction,fair,ground
128,0.035975548652169564,0.09842397907422057,0.09842397907422057,0.12244779498132413,0.7610674043612221,0.035975548652169564,0.8015946028825514,0.7833705357142857,0.7880318850342427,0.7787640075446577,0.22123599245534228,0.17890647209324362,income,balanced,0.3,x6,Reweight,fair,fair_clean
129,0.04701953996196856,0.03817794159506377,0.047019539961968615,0.12244779498132413,0.7610674043612221,0.047019539961968615,0.7455279566595114,0.705192728995204,0.6685752778713372,0.7460536206464545,0.25394637935354547,0.2548342541436464,income,balanced,0.3,x6,Reweight,fair,emp_clean
130,0.0462238920703969,0.0015615025061637144,0.0462238920703969,0.12244779498132413,0.7610674043612221,0.0462238920703969,0.681999386691199,0.6485936970518469,0.6446615021892893,0.6525741561541084,0.3474258438458916,0.293953747561995,income,balanced,0.3,x6,Reweight,fair,noisy
131,0.06950089515390775,0.06611923406326889,0.06950089515390778,0.12244779498132413,0.7610674043612221,0.06950089515390778,0.7366860881120311,0.6958677685950413,0.6617267317839901,0.7337233910120752,0.2662766089879248,0.26125032515390617,income,balanced,0.3,x6,Reweight,fair,ground
132,0.24767010722517285,0.23137812056017862,0.2476701072251728,0.3134184989603359,0.3884259370352538,0.2476701072251728,0.7887662271286926,0.7444506275891919,0.840782122905028,0.6679241096194386,0.3320758903805614,0.10802615370036957,income,balanced,0.3,x6,LR,emp,fair_clean
133,0.29935598856009943,0.13020847981962141,0.2993559885600995,0.3134184989603359,0.3884259370352538,0.2993559885600995,0.7713380353674741,0.7045304451195351,0.7449720670391061,0.6682535705337008,0.3317464294662992,0.15763121546961326,income,balanced,0.3,x6,LR,emp,emp_clean
134,0.23026764844607683,0.16470262102253577,0.23026764844607683,0.3134184989603359,0.3884259370352538,0.23026764844607683,0.7078094653991618,0.6417695344319819,0.7152234636871508,0.5819979543129901,0.4180020456870099,0.18937494195226154,income,balanced,0.3,x6,LR,emp,noisy
135,0.34946314743449913,0.2096943722773751,0.34946314743449913,0.3134184989603359,0.3884259370352538,0.34946314743449913,0.7349994889093325,0.6587244125584151,0.6988826815642458,0.6229304120502925,0.37706958794970746,0.18694181912772045,income,balanced,0.3,x6,LR,emp,ground
136,0.05948275692680116,0.11242775882307571,0.11242775882307571,0.10884687739418414,0.7575958168677618,0.05948275692680116,0.7683226004293162,0.7302267452240672,0.7875481386392811,0.6806834572284478,0.3193165427715522,0.15682744243343125,income,balanced,0.3,x6,Reduction,emp,fair_clean
137,0.024629244285477636,0.01584859867418667,0.024629244285477636,0.10884687739418414,0.7575958168677618,0.024629244285477636,0.7213533680874987,0.6543241186913518,0.6623876765083441,0.646454522676021,0.35354547732397895,0.22703729281767956,income,balanced,0.3,x6,Reduction,emp,emp_clean
138,0.03843983824474434,0.0055703898189511936,0.038439838244744284,0.10884687739418414,0.7575958168677618,0.038439838244744284,0.6714198098742717,0.61245403580686,0.6521181001283697,0.5773383339015797,0.42266166609842026,0.2516949939630352,income,balanced,0.3,x6,Reduction,emp,noisy
139,0.06637592472126969,0.05359123022267337,0.06637592472126974,0.10884687739418414,0.7575958168677618,0.06637592472126974,0.7266176019625882,0.6619477975099539,0.6722721437740693,0.6519357649695008,0.3480642350304992,0.22136477932888235,income,balanced,0.3,x6,Reduction,emp,ground
140,0.008203139906497181,0.079155672823219,0.079155672823219,0.10656497621124786,0.6513210043439761,0.008203139906497126,0.7552897884084636,0.6584391496647168,0.922077922077922,0.5120381670919782,0.48796183290802175,0.036956315739600114,income,balanced,0.3,x6,Reweight,emp,fair_clean
141,0.04487310502450803,0.022946513033145585,0.04487310502450803,0.10656497621124786,0.6513210043439761,0.04487310502450803,0.7378615966472453,0.605066605066605,0.785014985014985,0.4922325231771486,0.5077674768228514,0.09288674033149172,income,balanced,0.3,x6,Reweight,emp,emp_clean
142,0.0158620326975647,0.029346538097774696,0.029346538097774696,0.10656497621124786,0.6513210043439761,0.0158620326975647,0.6743330266789328,0.5383946682121125,0.7424575424575425,0.42232071826343903,0.577679281736561,0.11971765580013002,income,balanced,0.3,x6,Reweight,emp,noisy
143,0.12779030029811678,0.015769138632515292,0.12779030029811678,0.10656497621124786,0.6513210043439761,0.12779030029811678,0.7351528161095778,0.6025464028225188,0.7848151848151849,0.48898294535042947,0.5110170546495705,0.09338420185554495,income,balanced,0.3,x6,Reweight,emp,ground
144,0.02744064265538773,0.10171716422510259,0.10171716422510259,0.1335060184835436,0.7323197904668739,0.027440642655387704,0.8069610548911377,0.7838873948618184,0.802389598219515,0.7662192393736018,0.23378076062639822,0.15876152832674573,income,balanced,0.3,x7,LR,fair,fair_clean
145,0.06269989367085865,0.035160985258812394,0.06269989367085871,0.1335060184835436,0.7323197904668739,0.06269989367085871,0.7512010630685884,0.7043605004251184,0.6792784350474406,0.7313658721150208,0.2686341278849792,0.23528400790581766,income,balanced,0.3,x7,LR,fair,emp_clean
146,0.02966389866101493,0.0022362299657960327,0.02966389866101493,0.1335060184835436,0.7323197904668739,0.02966389866101493,0.6879280384340182,0.6473781473781474,0.656553824528523,0.6384554049436154,0.36154459505638453,0.2718086585705015,income,balanced,0.3,x7,LR,fair,noisy
147,0.08564385893553877,0.07180763337884727,0.08564385893553872,0.1335060184835436,0.7323197904668739,0.08564385893553872,0.738423796381478,0.6911285455642728,0.6707274218109406,0.7128096601518735,0.2871903398481265,0.2437353680742218,income,balanced,0.3,x7,LR,fair,ground
148,0.007934114179726448,0.0023917188018374724,0.007934114179726448,0.07571535594671502,0.8478975607442655,0.007934114179726448,0.7720024532352039,0.7519875465614054,0.7475406212003979,0.7564876957494407,0.24351230425055928,0.21494447581404102,income,balanced,0.3,x7,Reduction,fair,fair_clean
149,0.06094165677290153,0.11202917754602815,0.11202917754602815,0.07571535594671502,0.8478975607442655,0.06094165677290153,0.7238066032914239,0.6816682375117813,0.6395490217751741,0.7297263210997603,0.2702736789002396,0.2802268625934519,income,balanced,0.3,x7,Reduction,fair,emp_clean
150,0.031039620088918807,0.07234880155162698,0.07234880155162698,0.07571535594671502,0.8478975607442655,0.031039620088918807,0.6605335786568537,0.6273981824301582,0.6181054493202166,0.6369745984736302,0.36302540152636975,0.32029294521182905,income,balanced,0.3,x7,Reduction,fair,noisy
151,0.08012834997966284,0.012974333415976425,0.08012834997966278,0.07571535594671502,0.8478975607442655,0.08012834997966278,0.7119492998057856,0.6700234192037471,0.6324748535426108,0.7123117141790116,0.28768828582098843,0.2883031301482702,income,balanced,0.3,x7,Reduction,fair,ground
152,0.0340938101416475,0.07958472087361831,0.07958472087361831,0.11722186547807911,0.7649695956073779,0.034093810141647474,0.8016968210160482,0.7798706456371269,0.7912733133778495,0.7687919463087248,0.23120805369127517,0.17061923583662714,income,balanced,0.3,x7,Reweight,fair,fair_clean
153,0.053148398654247364,0.05384980163377534,0.05384980163377534,0.11722186547807911,0.7649695956073779,0.053148398654247364,0.7459368291934989,0.7008125188083058,0.6702740041446005,0.7342666162189431,0.2657333837810569,0.24611154077511385,income,balanced,0.3,x7,Reweight,fair,emp_clean
154,0.04005703015672213,0.015927241275374482,0.04005703015672213,0.11722186547807911,0.7649695956073779,0.04005703015672213,0.6826638045589287,0.6444889779559119,0.6479392125259038,0.6410752933135893,0.35892470668641074,0.28348938537128027,income,balanced,0.3,x7,Reweight,fair,noisy
155,0.07267328000482065,0.053774572767726875,0.07267328000482065,0.11722186547807911,0.7649695956073779,0.07267328000482065,0.7349994889093325,0.6898737962796818,0.6639419755929081,0.7179136063737085,0.28208639362629156,0.2530998005722709,income,balanced,0.3,x7,Reweight,fair,ground
156,0.2493889784033337,0.21325765254409082,0.24938897840333363,0.307495089521795,0.3834708657441739,0.24938897840333363,0.7905039353981397,0.7419578218445074,0.8485241180705544,0.65917225950783,0.34082774049217,0.09900244682853379,income,balanced,0.3,x7,LR,emp,fair_clean
157,0.3052248106143802,0.11434954574089096,0.3052248106143803,0.307495089521795,0.3834708657441739,0.3052248106143803,0.7728713073699274,0.7012236116713728,0.7508999280057596,0.6577121957371673,0.3422878042628326,0.14866374495144796,income,balanced,0.3,x7,LR,emp,emp_clean
158,0.23423126627346313,0.14754399989516034,0.23423126627346313,0.307495089521795,0.3834708657441739,0.23423126627346313,0.7095982827353573,0.6386415670312897,0.7229661627069834,0.5719330219842806,0.42806697801571936,0.1783628441642718,income,balanced,0.3,x7,LR,emp,noisy
159,0.3444227263825493,0.20104456775854335,0.34442272638254917,0.307495089521795,0.3834708657441739,0.34442272638254917,0.7361749974445466,0.6553611964214181,0.706695464362851,0.6109797087016059,0.3890202912983941,0.17662360183820341,income,balanced,0.3,x7,LR,emp,ground
160,0.06789086059833821,0.10508995491278192,0.10508995491278192,0.10978148371987612,0.7470727860149902,0.06789086059833827,0.7850352652560564,0.7439737034331629,0.8161057692307693,0.6835570469798657,0.31644295302013425,0.12958780350084698,income,balanced,0.3,x7,Reduction,emp,fair_clean
161,0.030037831992735686,0.030461495014406648,0.030461495014406648,0.10978148371987612,0.7470727860149902,0.030037831992735686,0.7338750894408668,0.6622559512226762,0.6817574786324786,0.6438390717618867,0.35616092823811324,0.20477786371057832,income,balanced,0.3,x7,Reduction,emp,emp_clean
162,0.03740819863903366,0.013467964931133447,0.037408198639033774,0.10978148371987612,0.7470727860149902,0.037408198639033774,0.6767351528161096,0.6111760004917932,0.6638621794871795,0.5662376124843376,0.4337623875156624,0.23333642347269862,income,balanced,0.3,x7,Reduction,emp,noisy
163,0.06559858995796991,0.05289450211390434,0.06559858995796997,0.10978148371987612,0.7470727860149902,0.06559858995796997,0.7295819278339978,0.6591070163004961,0.6830929487179487,0.6367484127972115,0.3632515872027885,0.20575739183213387,income,balanced,0.3,x7,Reduction,emp,ground
164,0.013423350613627816,0.06851814311777824,0.06851814311777824,0.10060184835436026,0.6553062985332183,0.013423350613627871,0.7533476438720229,0.6485069191551347,0.9294363256784969,0.49798657718120803,0.5020134228187919,0.03180877093920572,income,balanced,0.3,x7,Reweight,emp,fair_clean
165,0.04422136920883779,0.031513579897515576,0.04422136920883779,0.10060184835436026,0.6553062985332183,0.04422136920883779,0.7357150158438107,0.5934428807296172,0.7878914405010439,0.4759742716609913,0.5240257283390087,0.08730772535876945,income,balanced,0.3,x7,Reweight,emp,emp_clean
166,0.0147673613084921,0.0379105455593851,0.0379105455593851,0.10060184835436026,0.6553062985332183,0.014767361308492044,0.6724419912092405,0.5276733731299286,0.7473903966597077,0.40779132019592207,0.5922086798040779,0.11217205895985909,income,balanced,0.3,x7,Reweight,emp,noisy
167,0.11371665084888755,0.015077756791732413,0.11371665084888744,0.10060184835436026,0.6553062985332183,0.11371665084888744,0.7314218542369416,0.5901895032363721,0.7899791231732777,0.4710568903273995,0.5289431096726005,0.08722795456516085,income,balanced,0.3,x7,Reweight,emp,ground
168,0.029320310892096857,0.10856733960662882,0.10856733960662882,0.14020177013717855,0.7231595389821134,0.029320310892096857,0.8056932590586191,0.7828421293123143,0.7964900046490004,0.7696540880503144,0.23034591194968554,0.16421269811497702,income,balanced,0.3,x8,LR,fair,fair_clean
169,0.053299657920513305,0.02262494650581276,0.05329965792051328,0.14020177013717855,0.7231595389821134,0.05329965792051328,0.7495783717483518,0.7034975190608738,0.6756159925615992,0.733779348649331,0.266220651350669,0.23967367969085446,income,balanced,0.3,x8,LR,fair,emp_clean
170,0.03437869630677959,0.015388788143020748,0.03437869630677959,0.14020177013717855,0.7231595389821134,0.03437869630677959,0.6891194357847397,0.6486861103089806,0.6527196652719666,0.644702100792102,0.35529789920789806,0.27523949889462046,income,balanced,0.3,x8,LR,fair,noisy
171,0.08239371144480417,0.08018476312416109,0.08239371144480412,0.14020177013717855,0.7231595389821134,0.08239371144480412,0.7387438033423621,0.6927515326361342,0.6698047419804742,0.7173263629574309,0.2826736370425691,0.24633659932367988,income,balanced,0.3,x8,LR,fair,ground
172,0.009960666880462044,0.014133833379653626,0.014133833379653626,0.08877557846380013,0.8250082005141776,0.009960666880462044,0.7756426636684213,0.7561652966007554,0.748021978021978,0.764487870619946,0.23551212938005392,0.21504267091812812,income,balanced,0.3,x8,Reduction,fair,fair_clean
173,0.052798984472092414,0.0933016679454049,0.0933016679454049,0.08877557846380013,0.8250082005141776,0.052798984472092414,0.7262738283845249,0.6853483726941605,0.640989010989011,0.7363039636455441,0.26369603635445593,0.28054959209961355,income,balanced,0.3,x8,Reduction,fair,emp_clean
174,0.03549302826969908,0.053560239428968925,0.053560239428968925,0.08877557846380013,0.8250082005141776,0.035493028269699134,0.6658148924209127,0.6328673291785974,0.6193406593406593,0.6469980484444955,0.3530019515555045,0.31908621960206335,income,balanced,0.3,x8,Reduction,fair,noisy
175,0.08111938186478446,0.001953211894454354,0.08111938186478451,0.08877557846380013,0.8250082005141776,0.08111938186478451,0.7158481116164972,0.6754990078207074,0.635934065934066,0.7203136669156086,0.27968633308439134,0.287262637648487,income,balanced,0.3,x8,Reduction,fair,ground
176,0.038233479379733426,0.08782329708991357,0.08782329708991357,0.12387699299186655,0.7553942163795565,0.038233479379733426,0.801093678131548,0.7796149490373726,0.786203746002741,0.7731356693620844,0.22686433063791556,0.17556034886992403,income,balanced,0.3,x8,Reweight,fair,fair_clean
177,0.04058431747752725,0.040230067995700725,0.04058431747752722,0.12387699299186655,0.7553942163795565,0.04058431747752722,0.7449787908212807,0.700803453651517,0.667428049337597,0.7376925018934612,0.26230749810653875,0.25006440532417346,income,balanced,0.3,x8,Reweight,fair,emp_clean
178,0.048211806525432,0.0017257804566963575,0.04821180652543189,0.12387699299186655,0.7553942163795565,0.04821180652543189,0.6845198548576685,0.6465907139176733,0.6449291914116034,0.648260819653312,0.3517391803466881,0.28638540899042003,income,balanced,0.3,x8,Reweight,fair,noisy
179,0.06925228466132483,0.06219621038499509,0.06925228466132483,0.12387699299186655,0.7553942163795565,0.06925228466132483,0.7352685644196862,0.6914830256104825,0.6629739607126541,0.722554144884242,0.27744585511575803,0.2558744472383595,income,balanced,0.3,x8,Reweight,fair,ground
180,0.2527383435069831,0.2236024844720497,0.2527383435069831,0.3176263217428063,0.37281949253095464,0.2527383435069831,0.7898502580875965,0.7406659939455096,0.8446490218642118,0.6594788858939802,0.34052111410601976,0.1012848166557254,income,balanced,0.3,x8,LR,emp,fair_clean
181,0.3014538826949186,0.12971027828685422,0.3014538826949186,0.3176263217428063,0.37281949253095464,0.3014538826949186,0.7721674247457454,0.700282371924163,0.7491369390103567,0.6574097450138854,0.3425902549861146,0.1497638471446973,income,balanced,0.3,x8,LR,emp,emp_clean
182,0.23559006763788798,0.16347931148106887,0.23559006763788803,0.3176263217428063,0.37281949253095464,0.23559006763788803,0.7117084887821332,0.6398518802272872,0.7207997698504027,0.5752496843071978,0.4247503156928022,0.17879513633014002,income,balanced,0.3,x8,LR,emp,noisy
183,0.3486640493672072,0.21117413352481523,0.3486640493672072,0.3176263217428063,0.37281949253095464,0.3486640493672072,0.7361884806051004,0.6555451754971306,0.7065592635212888,0.6114015434403783,0.3885984565596216,0.17688372496314922,income,balanced,0.3,x8,LR,emp,ground
184,0.06590316426330572,0.11835419876699255,0.11835419876699255,0.11871716115556874,0.7332829781354846,0.06590316426330578,0.7755404507589309,0.7339471771262418,0.7966859547606523,0.6803683737646001,0.3196316262353998,0.14498733939791802,income,balanced,0.3,x8,Reduction,emp,fair_clean
185,0.027294107580617843,0.009957815663878572,0.027294107580617788,0.11871716115556874,0.7332829781354846,0.027294107580617788,0.7243317831042061,0.652582764395208,0.6662283008942662,0.6394849785407726,0.3605150214592275,0.21794761700300558,income,balanced,0.3,x8,Reduction,emp,emp_clean
186,0.037512095436528836,0.0021134216659157434,0.03751209543652889,0.11871716115556874,0.7332829781354846,0.03751209543652889,0.6773649511933357,0.6130554704259884,0.6576801683324566,0.574101710481001,0.42589828951899894,0.23977523949889462,income,balanced,0.3,x8,Reduction,emp,noisy
187,0.06822668993538328,0.06232186283147512,0.06822668993538328,0.11871716115556874,0.7332829781354846,0.06822668993538328,0.727602596207901,0.6591635759048472,0.6778011572856392,0.6415235250186706,0.35847647498132934,0.21243388537240962,income,balanced,0.3,x8,Reduction,emp,ground
188,0.008780270573370774,0.07846790890269151,0.07846790890269151,0.11091805341207311,0.6299363839316129,0.008780270573370719,0.7531558235805182,0.6483692486895748,0.9215645695364238,0.5001123090745733,0.4998876909254268,0.03554346806714808,income,balanced,0.3,x8,Reweight,emp,fair_clean
189,0.042701147465159295,0.01718829673410137,0.042701147465159295,0.11091805341207311,0.6299363839316129,0.042701147465159295,0.7354729902386672,0.5941665359887094,0.7841473509933775,0.4782883110325675,0.5217116889674325,0.08956633748389867,income,balanced,0.3,x8,Reweight,emp,emp_clean
190,0.016270129461690153,0.021676525814229602,0.021676525814229602,0.11091805341207311,0.6299363839316129,0.016270129461690153,0.6750140542750549,0.5304585394668833,0.7433774834437086,0.4123521983698772,0.5876478016301229,0.11422254974207811,income,balanced,0.3,x8,Reweight,emp,noisy
191,0.12088397495629355,0.023281922376790123,0.12088397495629355,0.11091805341207311,0.6299363839316129,0.12088397495629355,0.7318955384065008,0.5922586662521374,0.7884933774834437,0.47423450336071693,0.5257654966392831,0.08861527789820516,income,balanced,0.3,x8,Reweight,emp,ground
192,0.03189839203813774,0.12053747445889373,0.12053747445889373,0.13229045434693815,0.7372910050815311,0.03189839203813771,0.8041089589615168,0.78178195274694,0.7965197215777262,0.7675796534376746,0.23242034656232533,0.1651289775936735,income,balanced,0.3,x9,LR,fair,fair_clean
193,0.05480451537157072,0.02089098306953263,0.05480451537157072,0.13229045434693815,0.7372910050815311,0.05480451537157072,0.7451321101855164,0.6980320920375416,0.6686774941995359,0.7300823305889804,0.26991766941101963,0.2446881425633996,income,balanced,0.3,x9,LR,fair,emp_clean
194,0.03787639604865367,0.019993601228279145,0.03787639604865367,0.13229045434693815,0.7372910050815311,0.03787639604865367,0.6841621096744519,0.6434752509518865,0.646983758700696,0.6400045903144366,0.3599954096855635,0.28038330415553303,income,balanced,0.3,x9,LR,fair,noisy
195,0.06821559764819357,0.09017958488962499,0.09017958488962499,0.13229045434693815,0.7372910050815311,0.06821559764819363,0.7350641386007053,0.688723429806653,0.6653132250580046,0.7138411750062236,0.28615882499377643,0.25015173848955174,income,balanced,0.3,x9,LR,fair,ground
196,0.02166578939001601,0.028110408903054773,0.028110408903054773,0.07925694963838648,0.8420565164276854,0.021665789390016066,0.7742627893903,0.7549514563106796,0.7493392070484581,0.7606484069312465,0.2393515930687535,0.21427226511014874,income,balanced,0.3,x9,Reduction,fair,fair_clean
197,0.044828887492638914,0.08895796515268364,0.08895796515268364,0.07925694963838648,0.8420565164276854,0.044828887492638914,0.72192977973118,0.6794698085419735,0.6351321585903084,0.7304623179227359,0.2695376820772641,0.28384167237834135,income,balanced,0.3,x9,Reduction,fair,emp_clean
198,0.047995890286582965,0.04643506705017736,0.04799589028658291,0.07925694963838648,0.8420565164276854,0.04799589028658291,0.6609597792201155,0.627177700348432,0.6145374449339207,0.6403488638971769,0.35965113610282307,0.3224914770109647,income,balanced,0.3,x9,Reduction,fair,noisy
199,0.06062430097376281,0.01258892481579349,0.06062430097376281,0.07925694963838648,0.8420565164276854,0.06062430097376281,0.7123728726938212,0.6711464298235363,0.632488986784141,0.7148369429922828,0.2851630570077172,0.2893436226480534,income,balanced,0.3,x9,Reduction,fair,ground
200,0.039022359852717264,0.09675293440992558,0.09675293440992558,0.114921873862939,0.7717381547642865,0.03902235985271718,0.7983850360300506,0.7774330042313117,0.784738041002278,0.7702627166014533,0.22973728339854668,0.17793259273206552,income,balanced,0.3,x9,Reweight,fair,fair_clean
201,0.04462708342504562,0.040832332043139685,0.04462708342504562,0.114921873862939,0.7717381547642865,0.04462708342504562,0.7394081872540502,0.6942128935532234,0.6592255125284738,0.7331222292590247,0.2668777707409753,0.2563399588759424,income,balanced,0.3,x9,Reweight,fair,emp_clean
202,0.048831806535645894,0.0005844389619740209,0.048831806535645894,0.114921873862939,0.7717381547642865,0.048831806535645894,0.6784381867429856,0.6403338287412828,0.6379271070615035,0.6427587789763599,0.35724122102364014,0.2929144015479591,income,balanced,0.3,x9,Reweight,fair,noisy
203,0.05641988261489683,0.06982208737224663,0.06982208737224663,0.114921873862939,0.7717381547642865,0.05641988261489683,0.7306689834926151,0.6865707148804567,0.6574031890660592,0.7184466019417476,0.2815533980582524,0.2608167866123298,income,balanced,0.3,x9,Reweight,fair,ground
204,0.22818074780544031,0.2300163132137031,0.2300163132137031,0.2999680013034024,0.4041930644914002,0.2281807478054404,0.7881126386262585,0.740875,0.8401133947554925,0.662604807154835,0.3373951928451649,0.10619469026548672,income,balanced,0.3,x9,LR,emp,fair_clean
205,0.28643363818124074,0.12339054185715358,0.2864336381812406,0.2999680013034024,0.4041930644914002,0.2864336381812406,0.7657280114478459,0.6933779264214047,0.7346562721474131,0.6564914502849905,0.3435085497150095,0.16038382453735436,income,balanced,0.3,x9,LR,emp,emp_clean
206,0.21250728633692428,0.1604245988021339,0.21250728633692428,0.2999680013034024,0.4041930644914002,0.21250728633692428,0.7047580109367814,0.6336482972921555,0.7081502480510277,0.573330273123709,0.426669726876291,0.1897171289044504,income,balanced,0.3,x9,LR,emp,noisy
207,0.3158711021270919,0.2144761754225611,0.31587110212709196,0.2999680013034024,0.4041930644914002,0.31587110212709196,0.7318444319517555,0.6522632381204851,0.6975194897236003,0.612521782424695,0.38747821757530493,0.18503424954478453,income,balanced,0.3,x9,LR,emp,ground
208,0.06383642257318367,0.11352155152984167,0.11352155152984167,0.10384779091197227,0.765604622627637,0.06383642257318378,0.7692032503705218,0.7287035924546438,0.787560057135437,0.6780324203465623,0.3219675796534377,0.15401995857653925,income,balanced,0.3,x9,Reduction,emp,fair_clean
209,0.020893872700838034,0.017140315206958828,0.02089387270083809,0.10384779091197227,0.765604622627637,0.02089387270083809,0.7192211376296826,0.6477301872274942,0.6558888456044669,0.6397720075997467,0.3602279924002533,0.227039067854695,income,balanced,0.3,x9,Reduction,emp,emp_clean
210,0.04630940917131693,0.001567409635160888,0.046309409171316984,0.10384779091197227,0.765604622627637,0.046309409171316984,0.6702100475290029,0.6068839476088943,0.6467991169977925,0.5716089052100068,0.4283910947899931,0.25062194784852115,income,balanced,0.3,x9,Reduction,emp,noisy
211,0.05197176703571832,0.060704824017345727,0.060704824017345727,0.10384779091197227,0.765604622627637,0.051971767035718264,0.7235651862830276,0.6562440419447092,0.6704324113751461,0.6426437640029873,0.3573562359970127,0.2200641637041533,income,balanced,0.3,x9,Reduction,emp,ground
212,0.028325524428223836,0.07911908646003263,0.07911908646003263,0.09401387734049368,0.6839986307895808,0.028325524428223725,0.7559155721367609,0.6561555075593952,0.9215369059656219,0.5094466182224706,0.49055338177752933,0.03652796083600075,income,balanced,0.3,x9,Reweight,emp,fair_clean
213,0.03240063243304858,0.029123885183242146,0.032400632433048526,0.09401387734049368,0.6839986307895808,0.032400632433048526,0.7335309449583483,0.5939252336448598,0.7710819009100102,0.48296390120329324,0.5170360987967068,0.09698423577793008,income,balanced,0.3,x9,Reweight,emp,emp_clean
214,0.0015886661556526738,0.031983097505718414,0.031983097505718414,0.09401387734049368,0.6839986307895808,0.0015886661556527293,0.6725609444472836,0.5309319862361813,0.7332659251769464,0.41611200367225154,0.5838879963277485,0.12153321662213212,income,balanced,0.3,x9,Reweight,emp,noisy
215,0.09815970120155554,0.018701271033560923,0.09815970120155554,0.09401387734049368,0.6839986307895808,0.09815970120155554,0.7338886901415649,0.5988134679097002,0.7858442871587462,0.48369429922827983,0.5163057007717202,0.09182346310587011,income,balanced,0.3,x9,Reweight,emp,ground
216,0.037407289977104435,0.10062026273030789,0.10062026273030789,0.12201041229233572,0.7557442689611654,0.03740728997710441,0.807114382091383,0.7842935528120714,0.7927209705372616,0.7760434340006787,0.22395656599932134,0.16727272727272727,income,balanced,0.3,x10,LR,fair,fair_clean
217,0.04089289567843202,0.031955428487315224,0.04089289567843202,0.12201041229233572,0.7557442689611654,0.04089289567843202,0.7525298988040479,0.7067587209302325,0.6741767764298093,0.7426498663612066,0.25735013363879344,0.24084037919549064,income,balanced,0.3,x10,LR,fair,emp_clean
218,0.05541176148146287,0.005021900913751154,0.055411761481462984,0.12201041229233572,0.7557442689611654,0.055411761481462984,0.689870182970459,0.6501787155540182,0.6515309069901791,0.6488321251869751,0.35116787481302497,0.2773333333333333,income,balanced,0.3,x10,LR,fair,noisy
219,0.06869472504164009,0.07244611697054351,0.07244611697054351,0.12201041229233572,0.7557442689611654,0.06869472504164009,0.7456812838597567,0.7018216682646213,0.6766031195840555,0.7289929042698867,0.2710070957301133,0.24269487557443856,income,balanced,0.3,x10,LR,fair,ground
220,0.018462176197803687,0.006885719122556866,0.01846217619780366,0.07103951222999993,0.8580847553952854,0.01846217619780366,0.7764489420423183,0.7567838078291815,0.7442852455430384,0.769709308901708,0.23029069109829206,0.217995337995338,income,balanced,0.3,x10,Reduction,fair,fair_clean
221,0.03466203276828142,0.09929827905583602,0.09929827905583602,0.07103951222999993,0.8580847553952854,0.03466203276828139,0.7300419094347337,0.6892941176470588,0.6408181122169966,0.7457044673539519,0.2542955326460481,0.2804680160560253,income,balanced,0.3,x10,Reduction,fair,emp_clean
222,0.06245440393434909,0.06013260569258766,0.06245440393434909,0.07103951222999993,0.8580847553952854,0.06245440393434909,0.6673821936011448,0.6350790624649546,0.6193809471727004,0.6515936025773789,0.3484063974226211,0.32,income,balanced,0.3,x10,Reduction,fair,noisy
223,0.07004704574988044,0.007172897469088779,0.07004704574988041,0.07103951222999993,0.8580847553952854,0.07004704574988041,0.721148931820505,0.6823474615742897,0.6409274855080389,0.7294908502427486,0.2705091497572513,0.28466140639902887,income,balanced,0.3,x10,Reduction,fair,ground
224,0.04603293690062371,0.07302799559498277,0.07302799559498277,0.10161337913352247,0.7965776056545308,0.04603293690062371,0.800623530614331,0.7793926369959848,0.779348563673377,0.7794367153036986,0.22056328469630132,0.1819114219114219,income,balanced,0.3,x10,Reweight,fair,fair_clean
225,0.028657985401107366,0.05533243861238965,0.05533243861238965,0.10161337913352247,0.7965776056545308,0.028657985401107422,0.7460390473269958,0.7024372716929157,0.6633114679936666,0.7464681176021383,0.2535318823978618,0.25424886839183536,income,balanced,0.3,x10,Reweight,fair,emp_clean
226,0.06870374198655815,0.017695506118516224,0.06870374198655826,0.10161337913352247,0.7965776056545308,0.06870374198655826,0.6833793314934069,0.646666286431301,0.6411445374349695,0.6522839719249799,0.3477160280750201,0.29177011494252875,income,balanced,0.3,x10,Reweight,fair,noisy
227,0.05605600740908767,0.04780060717986154,0.05605600740908767,0.10161337913352247,0.7965776056545308,0.05605600740908767,0.7403148318511704,0.6989037037037037,0.6669305586971274,0.7340968504917217,0.26590314950827837,0.2553542009884679,income,balanced,0.3,x10,Reweight,fair,ground
228,0.2329640390566119,0.22065541211519366,0.2329640390566119,0.2990521108066493,0.40120472787068373,0.2329640390566119,0.7938771338035367,0.7458887278684393,0.8419630156472262,0.66949440108585,0.33050559891415,0.10358974358974359,income,balanced,0.3,x10,LR,emp,fair_clean
229,0.28214344460826407,0.12170746609279198,0.282143444608264,0.2990521108066493,0.40120472787068373,0.282143444608264,0.7749667791066135,0.7042385974340029,0.7456614509246088,0.6671757668321242,0.3328242331678758,0.15270304893671535,income,balanced,0.3,x10,LR,emp,emp_clean
230,0.20688332048575026,0.15409679008048272,0.20688332048575014,0.2990521108066493,0.40120472787068373,0.20688332048575014,0.7124092814065215,0.6420711150690159,0.717923186344239,0.5807156828903464,0.41928431710965364,0.1823448275862069,income,balanced,0.3,x10,LR,emp,noisy
231,0.33318301110822457,0.20157235604156484,0.33318301110822457,0.2990521108066493,0.40120472787068373,0.33318301110822457,0.7410303587856486,0.663612826130253,0.7109530583214794,0.6221834930909996,0.37781650690900037,0.17619006329662706,income,balanced,0.3,x10,LR,emp,ground
232,0.08153946433172493,0.10918456568519484,0.10918456568519484,0.09862001502504009,0.7727784364656843,0.08153946433172488,0.779771031380967,0.7377198855682026,0.7986294148655773,0.6854428232100441,0.3145571767899559,0.14247086247086246,income,balanced,0.3,x10,Reduction,emp,fair_clean
233,0.0032104283840864167,0.02092563299160813,0.02092563299160813,0.09862001502504009,0.7727784364656843,0.0032104283840863612,0.7312174179699479,0.6595014567821301,0.6711913547706906,0.6482117856688303,0.35178821433116964,0.21308395251515927,income,balanced,0.3,x10,Reduction,emp,emp_clean
234,0.06812542858752291,0.006416342072137898,0.06812542858752291,0.09862001502504009,0.7727784364656843,0.06812542858752291,0.6785750792190535,0.6136740586031083,0.658276225619399,0.5747324818778047,0.4252675181221954,0.2384367816091954,income,balanced,0.3,x10,Reduction,emp,noisy
235,0.051963256321837015,0.0508666018452788,0.05196325632183707,0.09862001502504009,0.7727784364656843,0.05196325632183707,0.7373505059797608,0.6710197810639523,0.6906958355297839,0.6524337109423628,0.34756628905763726,0.2035029914159369,income,balanced,0.3,x10,Reduction,emp,ground
236,0.020438907055638722,0.0814299900695134,0.0814299900695134,0.10093708868701093,0.6650035594741336,0.020438907055638666,0.7602473678830625,0.6603432046919122,0.9175050301810865,0.515778758059043,0.4842212419409569,0.03822843822843823,income,balanced,0.3,x10,Reweight,emp,fair_clean
237,0.030709587068948607,0.01868908908445617,0.030709587068948663,0.10093708868701093,0.6650035594741336,0.030709587068948663,0.7413370131861392,0.6054416465268574,0.7812877263581489,0.4942089856179203,0.5057910143820796,0.09283457169698522,income,balanced,0.3,x10,Reweight,emp,emp_clean
238,0.004338314577973734,0.02274478408702485,0.02274478408702485,0.10093708868701093,0.6650035594741336,0.00433831457797379,0.6787795154860472,0.5399311909816266,0.7420523138832998,0.4243470256587274,0.5756529743412726,0.11788505747126436,income,balanced,0.3,x10,Reweight,emp,noisy
239,0.11184243896372675,0.02328745677253291,0.1118424389637267,0.10093708868701093,0.6650035594741336,0.1118424389637267,0.7379638147807421,0.6057063754518188,0.792354124748491,0.49022781028258433,0.5097721897174157,0.08948235498135784,income,balanced,0.3,x10,Reweight,emp,ground
